<?xml version="1.0" encoding="UTF-8" standalone="yes"?>
<workbook xmlns="http://schemas.openxmlformats.org/spreadsheetml/2006/main" xmlns:r="http://schemas.openxmlformats.org/officeDocument/2006/relationships" xmlns:mc="http://schemas.openxmlformats.org/markup-compatibility/2006" mc:Ignorable="x15 xr xr6 xr10 xr2" xmlns:x15="http://schemas.microsoft.com/office/spreadsheetml/2010/11/main" xmlns:xr="http://schemas.microsoft.com/office/spreadsheetml/2014/revision" xmlns:xr6="http://schemas.microsoft.com/office/spreadsheetml/2016/revision6" xmlns:xr10="http://schemas.microsoft.com/office/spreadsheetml/2016/revision10" xmlns:xr2="http://schemas.microsoft.com/office/spreadsheetml/2015/revision2"><fileVersion appName="xl" lastEdited="7" lowestEdited="6" rupBuild="10123"/><workbookPr/><mc:AlternateContent xmlns:mc="http://schemas.openxmlformats.org/markup-compatibility/2006"><mc:Choice Requires="x15"><x15ac:absPath url="/Users/naras/courses/2019/lectures/lec15/lec15-md/" xmlns:x15ac="http://schemas.microsoft.com/office/spreadsheetml/2010/11/ac"/></mc:Choice></mc:AlternateContent><xr:revisionPtr revIDLastSave="0" documentId="13_ncr:1_{1D5B106D-79FD-AA4A-A901-1FAB99F11414}" xr6:coauthVersionLast="40" xr6:coauthVersionMax="40" xr10:uidLastSave="{00000000-0000-0000-0000-000000000000}"/><bookViews><workbookView xWindow="80" yWindow="460" windowWidth="28720" windowHeight="17600" tabRatio="500" xr2:uid="{00000000-000D-0000-FFFF-FFFF00000000}"/></bookViews><sheets><sheet name="iris" sheetId="1" r:id="rId1"/></sheets><calcPr calcId="0"/><extLst><ext uri="{79F54976-1DA5-4618-B147-4CDE4B953A38}" xmlns:x14="http://schemas.microsoft.com/office/spreadsheetml/2009/9/main"><x14:workbookPr defaultImageDpi="32767"/></ext><ext uri="{7523E5D3-25F3-A5E0-1632-64F254C22452}" xmlns:mx="http://schemas.microsoft.com/office/mac/excel/2008/main"><mx:ArchID Flags="2"/></ext></extLst></workbook>